Id,color_name,hex_code,red_hex,green_hex,blue_hex,red_decimal,green_decimal,blue_decimal,img_url
1,베이커-밀러 핑크,#FF91AF,FF,91,AF,255,145,175,
2,밝은 노랑 (크레용),#FFAA1D,FF,AA,1D,255,170,29,
3,호박,#FFBF00,FF,BF,0,255,191,0,
4,호박  (자동차 신호 등),#FF7E00,FF,7E,0,255,126,0,
5,형광 오렌지,#FF9966,FF,99,66,255,153,102,
6,비스크 (연한 핑크 베이지),#FFE4C4,FF,E4,C4,255,228,196,
7,캔디 애플 레드,#FF0800,FF,8,0,255,8,0,
8,베이비 파우더,#FEFEFA,FE,FE,FA,254,254,250,
9,코클리코 (주황색 계열의 밝은 붉은색),#FF3800,FF,38,0,255,56,0,
10,데친 아몬드 (연한 베이지),#FFEBCD,FF,EB,CD,255,235,205,
11,밝은 장미 (밝은 분홍),#FF55A3,FF,55,A3,255,85,163,
12,달콤씁쓸한 (주황 계열),#FE6F5E,FE,6F,5E,254,111,94,
13,카드뮴 노랑,#FFF600,FF,F6,0,255,246,0,
14,카나리아 노랑,#FFEF00,FF,EF,0,255,239,0,
15,카네이션 핑크,#FFA6C9,FF,A6,C9,255,166,201,
16,카나리아,#FFFF99,FF,FF,99,255,255,153,
17,벚꽃 핑크,#FFB7C5,FF,B7,C5,255,183,197,
18,코랄 (산호),#FF7F50,FF,7F,50,255,127,80,
19,중국 황색,#FFB200,FF,B2,0,255,178,0,
20,크롬 노랑,#FFA700,FF,A7,0,255,167,0,
21,사이버 노랑 (밝은 노랑),#FFD300,FF,D3,0,255,211,0,
22,딥 핑크,#FF1493,FF,14,93,255,20,147,
23,"일출 색, 일몰 색 (아우레올린)",#FDEE00,FD,EE,0,253,238,0,
24,바나나 마니아 (바나나 속살 색),#FAE7B5,FA,E7,B5,250,231,181,
25,솜사탕 (핑크),#FFBCD9,FF,BC,D9,255,188,217,
26,크림,#FFFDD0,FF,FD,D0,255,253,208,
27,코스믹 라떼,#FFF8E7,FF,F8,E7,255,248,231,
28,옥수수 껍질 (연한 노랑),#FFF8DC,FF,F8,DC,255,248,220,
29,진한 주황색,#FF8C00,FF,8C,0,255,140,0,
30,깊은 샤프란,#FF9933,FF,99,33,255,153,51,
31,플로럴 화이트,#FFFAF0,FF,FA,F0,255,250,240,
32,불타는 장미,#FF5470,FF,54,70,255,84,112,
33,프렌치 핑크,#FD6C9E,FD,6C,9E,253,108,158,
34,푹샤 (딥 핑크 계열),#FF00FF,FF,0,FF,255,0,255,
35,프랑스 자홍,#FD3F92,FD,3F,92,253,63,146,
36,앤틱 화이트,#FAEBD7,FA,EB,D7,250,235,215,
37,금발,#FAF0BE,FA,F0,BE,250,240,190,
38,브링크 핑크 (밝고 연한 핑크),#FB607F,FB,60,7F,251,96,127,
39,살구,#FBCEB1,FB,CE,B1,251,206,177,
40,옥수수,#FBEC5D,FB,EC,5D,251,236,93,
41,코랄 핑크,#F88379,F8,83,79,248,131,121,
42,세련 (밝은 회색),#F5F5F5,F5,F5,F5,245,245,245,
43,카메오 핑크,#EFBBCC,EF,BB,CC,239,187,204,
44,샴페인,#F7E7CE,F7,E7,CE,247,231,206,
45,플리커 핑크,#FB0081,FB,0,81,251,0,129,
46,딥 샴페인,#FAD6A5,FA,D6,A5,250,214,165,
47,콩고 핑크,#F88379,F8,83,79,248,131,121,
48,샴페인 핑크,#F1DDCF,F1,DD,CF,241,221,207,
49,베이비 핑크,#F4C2C2,F4,C2,C2,244,194,194,
50,베이지,#F5F5DC,F5,F5,DC,245,245,220,
51,프렌치 로즈,#F64A8A,F6,4A,8A,246,74,138,
52,시클라멘,#F56FA1,F5,6F,A1,245,111,161,
53,구름,#F0FFFF,F0,FF,FF,240,255,255,
54,앨리스 블루,#F0F8FF,F0,F8,FF,240,248,255,
55,패션 자홍,#F400A1,F4,0,A1,244,0,161,
56,아몬드,#EFDECD,EF,DE,CD,239,222,205,
57,달걀 껍질,#F0EAD6,F0,EA,D6,240,234,214,
58,더치 화이트,#EFDFBB,EF,DF,BB,239,223,187,
59,아마란스 핑크,#F19CBB,F1,9C,BB,241,156,187,
60,버프,#F0DC82,F0,DC,82,240,220,130,
61,사막 모래,#EDC9AF,ED,C9,AF,237,201,175,
62,카드뮴 주황,#ED872D,ED,87,2D,237,135,45,
63,플라스틱 노랑,#E9D66B,E9,D6,6B,233,214,107,
64,파이어 오팔,#E95C4B,E9,5C,4B,233,92,75,
65,설화 석고,#EDEAE0,ED,EA,E0,237,234,224,
66,당근 오렌지,#ED9121,ED,91,21,237,145,33,
67,엷은 황갈색,#EEDC82,EE,DC,82,238,220,130,
68,번트 시에나 (코랄 계열),#E97451,E9,74,51,233,116,81,
69,카드뮴 레드,#E30022,E3,0,22,227,0,34,
70,어두운 연어,#E9967A,E9,96,7A,233,150,122,
71,불꽃,#E25822,E2,58,22,226,88,34,
72,뼈,#E3DAC9,E3,DA,C9,227,218,201,
73,아마란스,#E52B50,E5,2B,50,229,43,80,
74,동상 (딥핑크 계열),#E936A7,E9,36,A7,233,54,167,
75,주황갈색,#E48400,E4,84,0,228,132,0,
76,매력 핑크,#E68FAC,E6,8F,AC,230,143,172,
77,캔디 핑크,#E4717A,E4,71,7A,228,113,122,
78,엷은 황갈색,#E5AA70,E5,AA,70,229,170,112,
79,황수정,#E4D00A,E4,D0,0A,228,208,10,
80,단사 (진한 붉은 색),#E34234,E3,42,34,227,66,52,
81,CG 레드,#E03C31,E0,3C,31,224,60,49,
82,진홍,#DC143C,DC,14,3C,220,20,60,
83,지구 황색,#E1A95F,E1,A9,5F,225,169,95,
84,차이나 핑크,#DE6FA1,DE,6F,A1,222,111,161,
85,홍조,#DE5D83,DE,5D,83,222,93,131,
86,연두색,#DFFF00,DF,FF,0,223,255,0,
87,버리우드,#DEB887,DE,B8,87,222,184,135,
88,체리 레드,#DE3163,DE,31,63,222,49,99,
89,바비 핑크,#DA1884,DA,18,84,218,24,132,
90,판당고 핑크,#DE5285,DE,52,85,222,82,133,
91,딥 세리즈,#DA3287,DA,32,87,218,50,135,
92,초콜릿,#D2691E,D2,69,1E,210,105,30,
93,밝은 라일락,#D891EF,D8,91,EF,216,145,239,
94,층층나무 장미,#D71868,D7,18,68,215,24,104,
95,카민 (립스틱 진홍),#D70040,D7,0,40,215,0,64,
96,구리 (크레용),#DA8A67,DA,8A,67,218,138,103,
97,아마란스 레드,#D3212D,D3,21,2D,211,33,45,
98,프랑스 연보라,#D473D4,D4,73,D4,212,115,212,
99,코코아 브라운,#D2691E,D2,69,1E,210,105,30,
100,북극 라임,#D0FF14,D0,FF,14,208,255,20,
101,소방차 빨강,#CE2029,CE,20,29,206,32,41,
102,삼나무 상자,#C95A49,C9,5A,49,201,90,73,
103,낙타,#C19A6B,C1,9A,6B,193,154,107,
104,번트 오렌지,#CC5500,CC,55,0,204,85,0,
105,프렌치 라즈베리,#C72C48,C7,2C,48,199,44,72,
106,에어로 블루,#C9FFE5,C9,FF,E5,201,255,229,
107,쓴 레몬,#CAE00D,CA,E0,0D,202,224,13,
108,시나몬 새틴,#CD607E,CD,60,7E,205,96,126,
109,밝은 적갈색,#C32148,C3,21,48,195,33,72,
110,사막,#C19A6B,C1,9A,6B,193,154,107,
111,퓨샤 보라,#CC397B,CC,39,7B,204,57,123,
112,잉글리시 버밀리온,#CC474B,CC,47,4B,204,71,75,
113,앤틱 황동,#CD9575,CD,95,75,205,149,117,
114,청동,#CD7F32,CD,7F,32,205,127,50,
115,전기 석회 (연두 계열),#CCFF00,CC,FF,0,204,255,0,
116,자홍 장미,#C74375,C7,43,75,199,67,117,
117,벽돌 빨강,#CB4154,CB,41,54,203,65,84,
118,합금 오렌지,#C46210,C4,62,10,196,98,16,
119,구리 빨강,#CB6D51,CB,6D,51,203,109,81,
120,추기경 (빛나는 붉은색),#C41E3A,C4,1E,3A,196,30,58,
121,쓴 라임,#BFFF00,BF,FF,0,191,255,0,
122,영국 라벤더,#B48395,B4,83,95,180,131,149,
123,하늘,#B2FFFF,B2,FF,FF,178,255,255,
124,다크 카키,#BDB76B,BD,B7,6B,189,183,107,
125,밀색,#C19A6B,C1,9A,6B,193,154,107,
126,자홍색 (크레용),#C154C1,C1,54,C1,193,84,193,
127,연한 베이지,#C2B280,C2,B2,80,194,178,128,
128,화려한 금속 빛 (짙은 빨강 주황),#BF4F51,BF,4F,51,191,79,81,
129,뷰 블루,#BCD4E6,BC,D4,E6,188,212,230,
130,검은 그림자,#BFAFB2,BF,AF,B2,191,175,178,
131,일렉트릭 퍼플,#BF00FF,BF,0,FF,191,0,255,
132,복잡한,#BD33A4,BD,33,A4,189,51,164,
133,컬럼비아 블루,#B9D9EB,B9,D9,EB,185,217,235,
134,짙은 황금,#B8860B,B8,86,0B,184,134,11,
135,구리,#B87333,B8,73,33,184,115,51,
136,짙은 밤색,#B94E48,B9,4E,48,185,78,72,
137,카넬리안 (진한 붉은 보석),#B31B1B,B3,1B,1B,179,27,27,
138,아프리칸 바이올렛,#B284BE,B2,84,BE,178,132,190,
139,판당고,#B53389,B5,33,89,181,51,137,
140,애쉬 그레이,#B2BEB5,B2,BE,B5,178,190,181,
141,구리 페니,#AD6F69,AD,6F,69,173,111,105,
142,붉은 갈색,#A52A2A,A5,2A,2A,165,42,42,
143,청자,#ACE1AF,AC,E1,AF,172,225,175,
144,산성 녹색,#B0BF1A,B0,BF,1A,176,191,26,
145,아마란스 보라,#AB274F,AB,27,4F,171,39,79,
146,흑설탕,#AF6E4D,AF,6E,4D,175,110,77,
147,블루 벨,#A2A2D0,A2,A2,D0,162,162,208,
148,내화 벽돌,#B22222,B2,22,22,178,34,34,
149,중국 빨강,#AA381E,AA,38,1E,170,56,30,
150,영국 빨강,#AB4B52,AB,4B,52,171,75,82,
151,카페오레,#A67B5B,A6,7B,5B,166,123,91,
152,카뎃 블루 (푸른 연한 회색),#A9B2C3,A9,B2,C3,169,178,195,
153,블리자드 블루,#ACE5EE,AC,E5,EE,172,229,238,
154,주우국ㄱ 장미,#A8516E,A8,51,6E,168,81,110,
155,프렌치 베이지,#A67B5B,A6,7B,5B,166,123,91,
156,블라스트 오브 브론즈,#A57164,A5,71,64,165,113,100,
157,바람둥이 (자주 계열),#A2006D,A2,0,6D,162,0,109,
158,안드로이드 그린 (운영체제),#A4C639,A4,C6,39,164,198,57,
159,캠브리지 블루,#A3C1AD,A3,C1,AD,163,193,173,
160,아기의 파란 눈,#A1CAF1,A1,CA,F1,161,202,241,
161,아마란스 (자주 계열),#9F2B68,9F,2B,68,159,43,104,
162,불의 잔해,#98817B,98,81,7B,152,129,123,
163,군용 차량 색,#967117,96,71,17,150,113,23,
164,시트론,#9FA91F,9F,A9,1F,159,169,31,
165,비버,#9F8170,9F,81,70,159,129,112,
166,크림슨,#9E1B32,9E,1B,32,158,27,50,
167,카뎃 그레이,#91A3B0,91,A3,B0,145,163,176,
168,버니 시드 브라운,#A17A74,A1,7A,74,161,122,116,
169,빅 딥 루비,#9C2542,9C,25,42,156,37,66,
170,프렌치 라임,#9EFD38,9E,FD,38,158,253,56,
171,자수정,#9966CC,99,66,CC,153,102,204,
172,구리 장미,#996666,99,66,66,153,102,102,
173,이튼 블루,#96C8A2,96,C8,A2,150,200,162,
174,카민 (짙은 분홍 자주),#960018,96,0,18,150,0,24,
175,비스트르 브라운,#967117,96,71,17,150,113,23,
176,"권위,신비 (보라 계열)",#9932CC,99,32,CC,153,50,204,
177,다크 바이올렛,#9400D3,94,0,D3,148,0,211,
178,아티 초크,#8F9779,8F,97,79,143,151,121,
179,밤나무,#954535,95,45,35,149,69,53,
180,앤틱 자홍,#915C83,91,5C,83,145,92,131,
181,다크 시그 린,#8FBC8F,8F,BC,8F,143,188,143,
182,베이비 블루,#89CFF0,89,CF,F0,137,207,240,
183,쿨 그레이,#8C92AC,8C,92,AC,140,146,172,
184,진한 자홍,#8B008B,8B,0,8B,139,0,139,
185,코도반 가죽,#893F45,89,3F,45,137,63,69,
186,진한 하늘,#8CBED6,8C,BE,D6,140,190,214,
187,애플 그린,#8DB600,8D,B6,0,141,182,0,
188,갈색,#88540B,88,54,0B,136,84,11,
189,아스파라거스,#87A96B,87,A9,6B,135,169,107,
190,브랜디,#87413F,87,41,3F,135,65,63,
191,일렉트릭 바이올렛,#8F00FF,8F,0,FF,143,0,255,
192,청자색 (보라 계열),#8A2BE2,8A,2B,E2,138,43,226,
193,번트 엠버,#8A3324,8A,33,24,138,51,36,
194,어두운 빨강,#8B0000,8B,0,0,139,0,0,
195,프렌치 바이올렛,#8806CE,88,6,CE,136,6,206,
196,프랑스 라일락,#86608E,86,60,8E,134,96,142,
197,퍼피 우지,#87421F,87,42,1F,135,66,31,
198,앤틱 루비,#841B2D,84,1B,2D,132,27,45,
199,전함 회색,#848482,84,84,82,132,132,130,
200,차이니즈 바이올렛,#856088,85,60,88,133,96,136,
201,눈부신 녹색,#7FFF00,7F,FF,0,127,255,0,
202,에어로,#7CB9E8,7C,B9,E8,124,185,232,
203,코요테 브라운,#81613C,81,61,3C,129,97,60,
204,비잔티움ㅁ,#702963,70,29,63,112,41,99,
205,초콜릿,#7B3F00,7B,3F,0,123,63,0,
206,남옥,#7FFFD4,7F,FF,D4,127,255,212,
207,프렌치 갈색,#856D4D,85,6D,4D,133,109,77,
208,버건디,#800020,80,0,20,128,0,32,
209,깊은 회갈색,#7E5E60,7E,5E,60,126,94,96,
210,팔루 레드,#801818,80,18,18,128,24,24,
211,헛간 레드,#7C0A02,7C,0A,2,124,10,2,
212,자홍색,#7F1734,7F,17,34,127,23,52,
213,프렌치 스카이 블루,#77B5FE,77,B5,FE,119,181,254,
214,일렉트릭 블루,#7DF9FF,7D,F9,FF,125,249,255,
215,흙색 (적갈 계열),#79443B,79,44,3B,121,68,59,
216,커피,#6F4E37,6F,4E,37,111,78,55,
217,공군 파랑,#72A0C1,72,A0,C1,114,160,193,
218,블루 바이올렛 (보라 계열),#7366BD,73,66,BD,115,102,189,
219,버드 그린,#7BB661,7B,B6,61,123,182,97,
220,카토바 포도주,#703642,70,36,42,112,54,66,
221,수레국화 블루,#6495ED,64,95,ED,100,149,237,
222,일렉트릭 인디고,#6F00FF,6F,0,FF,111,0,255,
223,"지위, 권위 (어두운 보라색)",#6C3082,6C,30,82,108,48,130,
224,청회색,#6699CC,66,99,CC,102,153,204,
225,회갈색,#6C541E,6C,54,1E,108,84,30,
226,피 빨강,#660000,66,0,0,102,0,0,
227,청록색 서리,#6D9BC3,6D,9B,C3,109,155,195,
228,희미한 회색,#696969,69,69,69,105,105,105,
229,밝은녹색,#66FF00,66,FF,0,102,255,0,
230,카뎃 블루,#5F9EA0,5F,9E,A0,95,158,160,
231,어두운 청회색,#666699,66,66,99,102,102,153,
232,사이버 포도,#58427C,58,42,7C,88,66,124,
233,가지,#614051,61,40,51,97,64,81,
234,다크 비잔티움,#5D3954,5D,39,54,93,57,84,
235,앤틱 청동,#665D1E,66,5D,1E,102,93,30,
236,포레스트 그린,#5FA777,5F,A7,77,95,167,119,
237,어두운 갈색,#654321,65,43,21,101,67,33,
238,아보카도,#568203,56,82,3,86,130,3,
239,청바지,#5DADEC,5D,AD,EC,93,173,236,
240,다크 일렉트릭 블루,#536878,53,68,78,83,104,120,
241,카페 누아르,#4B3621,4B,36,21,75,54,33,
242,에메랄드,#50C878,50,C8,78,80,200,120,
243,캐롤라이나 블루,#56A0D3,56,A0,D3,86,160,211,
244,카뎃 ,#536872,53,68,72,83,104,114,
245,잉글리시 바이올렛,#563C5C,56,3C,5C,86,60,92,
246,다크 올리브 그린,#556B2F,55,6B,2F,85,107,47,
247,검은 산호,#54626F,54,62,6F,84,98,111,
248,블루 욘더,#5072A7,50,72,A7,80,114,167,
249,흑단,#555D50,55,5D,50,85,93,80,
250,데이비의 회색,#555555,55,55,55,85,85,85,
251,군대,#4B5320,4B,53,20,75,83,32,
252,들장미 (초록),#4D5D53,4D,5D,53,77,93,83,
253,잎,#4F7942,4F,79,42,79,121,66,
254,다크 모스 그린,#4A5D23,4A,5D,23,74,93,35,
255,어두운 용암,#483C32,48,3C,32,72,60,50,
256,딥 스페이스 스파클 (청회색 계열),#4A646C,4A,64,6C,74,100,108,
257,다크 슬레이트 블루,#483D8B,48,3D,8B,72,61,139,
258,검은 콩,#3D0C02,3D,0C,2,61,12,2,
259,비스트르 (진한 갈색),#3D2B1F,3D,2B,1F,61,43,31,
260,블랙 올리브,#3B3C36,3B,3C,36,59,60,54,
261,파랑스러운,#3C69E7,3C,69,E7,60,105,231,
262,슟,#36454F,36,45,4F,54,69,79,
263,세룰 리안 블루,#2A52BE,2A,52,BE,42,82,190,
264,우주 코발트,#2E2D88,2E,2D,88,46,45,136,
265,청자 그린,#2F847C,2F,84,7C,47,132,124,
266,블랙 커피,#3B2F2F,3B,2F,2F,59,47,47,
267,아마존,#3B7A57,3B,7A,57,59,122,87,
268,다크 시에나,#3C1414,3C,14,14,60,20,20,
269,파랑 (도료 색),#333399,33,33,99,51,51,153,
270,다크 슬레이트 그레이,#2F4F4F,2F,4F,4F,47,79,79,
271,블루 드 프랑스,#318CE7,31,8C,E7,49,140,231,
272,어두운 보라,#301934,30,19,34,48,25,52,
273,셀틱 블루,#246BCE,24,6B,CE,36,107,206,
274,차릇턴 그린,#232B2B,23,2B,2B,35,43,43,
275,다져 블루,#1E90FF,1E,90,FF,30,144,255,
276,청록색,#064E40,6,4E,40,6,78,64,
277,청,#1560BD,15,60,BD,21,96,189,
278,섬뜩한 검정,#1B1B1B,1B,1B,1B,27,27,27,
279,청파랑,#2243B6,22,43,B6,34,67,182,
280,파랑 (크레용),#1F75FE,1F,75,FE,31,117,254,
281,플리커 블루,#0063dc,0,63,dc,0,99,220,
282,숲 초록,#228B22,22,8B,22,34,139,34,
283,블랙 초콜릿,#1B1811,1B,18,11,27,24,17,
284,영국 초록,#1B4D3E,1B,4D,3E,27,77,62,
285,브런즈윅 그린,#1B4D3E,1B,4D,3E,27,77,62,
286,세룰 리안,#1DACD6,1D,AC,D6,29,172,214,
287,형광 블루 (파랑 계열),#15F4EE,15,F4,EE,21,244,238,
288,밝은 네이비 블루,#1974D2,19,74,D2,25,116,210,
289,다크 정글 그린,#1A2421,1A,24,21,26,36,33,
290,다크 스프링 그린,#177245,17,72,45,23,114,69,
291,이집트 블루,#1034A6,10,34,A6,16,52,166,
292,파란 사파이어,#126180,12,61,80,18,97,128,
293,파스텔 청록,#0D98BA,0D,98,BA,13,152,186,
294,진한 파스텔 초록,#03C03C,3,C0,3C,3,192,60,
295,절대 제로,#0048BA,0,48,BA,0,72,186,
296,검정,#000000,0,0,0,0,0,0,
297,카드뮴 그린,#006B3C,0,6B,3C,0,107,60,
298,영국 레이싱 그린,#004225,0,42,25,0,66,37,
299,팬톤 블루,#0018A8,0,18,A8,0,24,168,
300,짙은 청록,#0047AB,0,47,AB,0,71,171,
301,보틀 그린,#006A4E,0,6A,4E,0,106,78,
302,파랑,#0000FF,0,0,FF,0,0,255,
303,캐슬턴 그린,#00563F,0,56,3F,0,86,63,
304,하늘빛,#007FFF,0,7F,FF,0,127,255,
305,아쿠아,#00FFFF,0,FF,FF,0,255,255,
306,세룰 리안,#007BA7,0,7B,A7,0,123,167,
307,카프리,#00BFFF,0,BF,FF,0,191,255,
308,캐리비안 그린,#00CC99,0,CC,99,0,204,153,
309,CG 블루,#007AA5,0,7A,A5,0,122,165,
310,청자 블루,#007BA7,0,7B,A7,0,123,167,
311,짙은 녹색,#013220,1,32,20,1,50,32,
312, 진한 청록색,#008B8B,0,8B,8B,0,139,139,
313,자황,#E49B0F,E4,9B,0F,228,155,15,
314,실버 스위리스,#DCDCDC,DC,DC,DC,220,220,220,
315,딥 정글 블루,#004B49,0,4B,49,0,75,73,
316,프렌치 블루,#0072BB,0,72,BB,0,114,187,
317,듀크 블루,#00009C,0,0,9C,0,0,156,
318,포레스트 그린,#014421,1,44,21,1,68,33,
319,딥 스카이 블루,#00BFFF,0,BF,FF,0,191,255,
320,다트머스 그린,#00703C,0,70,3C,0,112,60,
321,에린,#00FF40,0,FF,40,0,255,64,
322,일렉트릭 그린,#00FF00,0,FF,0,0,255,0,
323,광택있는 포도,#AB92B3,AB,92,B3,171,146,179,
324,푸른 회색,#6082B6,60,82,B6,96,130,182,
325,고스트 화이트,#F8F8FF,F8,F8,FF,248,248,255,
326,Generic viridian,#007F66,0,7F,66,0,127,102,
327,고 그린,#00AB66,0,AB,66,0,171,102,
328,골드 퓨전,#85754E,85,75,4E,133,117,78,
329,메탈 골드,#D4AF37,D4,AF,37,212,175,55,
330,금색,#FFD700,FF,D7,0,255,215,0,
331,황금 양귀뷔,#FCC200,FC,C2,0,252,194,0,
332,초록,#009F6B,0,9F,6B,0,159,107,
333,회색,#808080,80,80,80,128,128,128,
334,화강암 회색,#676767,67,67,67,103,103,103,
335,황금색,#FFDF00,FF,DF,0,255,223,0,
336,골든 브라운,#996515,99,65,15,153,101,21,
337,팬톤 초록,#00AD43,0,AD,43,0,173,67,
338,그레니 스미스 사과,#A8E4A0,A8,E4,A0,168,228,160,
339,그룰로 (회색 밤 색),#A99A86,A9,9A,86,169,154,134,
340,그린 쉰,#6EAEA1,6E,AE,A1,110,174,161,
341,초록-노랑,#ADFF2F,AD,FF,2F,173,255,47,
342,녹색 도마뱀,#A7F432,A7,F4,32,167,244,50,
343,할리 퀸,#3FFF00,3F,FF,0,63,255,0,
344,한 보라,#5218FA,52,18,FA,82,24,250,
345,한 블루,#446CCF,44,6C,CF,68,108,207,
346,건메탈,#2a3439,2a,34,39,42,52,57,
347,할리우드 선홍,#F400A1,F4,0,A1,244,0,161,
348,열파,#FF7A00,FF,7A,0,255,122,0,
349,핫 핑크,#FF69B4,FF,69,B4,255,105,180,
350,핫 마젠타,#FF1DCE,FF,1D,CE,255,29,206,
351,단물,#F0FFF0,F0,FF,F0,240,255,240,
352,호놀룰루 블루,#006DB0,0,6D,B0,0,109,176,
353,후커 그린,#49796B,49,79,6B,73,121,107,
354,빙산,#71A6D2,71,A6,D2,113,166,210,
355,일루미네이팅 에메랄ㄹ드,#319177,31,91,77,49,145,119,
356,익테린 (연한 크림),#FCF75E,FC,F7,5E,252,247,94,
357,임페리얼 레드,#ED2939,ED,29,39,237,41,57,
358,헌터 그린,#355E3B,35,5E,3B,53,94,59,
359,독립 (회색 계열),#4C516D,4C,51,6D,76,81,109,
360,인디언 옐로우,#E3A857,E3,A8,57,227,168,87,
361,인도 녹색,#138808,13,88,8,19,136,8,
362,인치 웜 (연두 계열),#B2EC5D,B2,EC,5D,178,236,93,
363,인디언 레드,#CD5C5C,CD,5C,5C,205,92,92,
364,인디고 염료 ,#00416A,0,41,6A,0,65,106,
365,인디고,#4B0082,4B,0,82,75,0,130,
366,아이리스,#5A4FCF,5A,4F,CF,90,79,207,
367,상아,#FFFFF0,FF,FF,F0,255,255,240,
368,옥,#00A86B,0,A8,6B,0,168,107,
369,케펠 (청록 계열),#3AB09E,3A,B0,9E,58,176,158,
370,정글 그린,#29AB87,29,AB,87,41,171,135,
371,자스민,#F8DE7E,F8,DE,7E,248,222,126,
372,켈리 그린,#4CBB17,4C,BB,17,76,187,23,
373,제트기,#343434,34,34,34,52,52,52,
374,이타릴안 하늘,#B2FFFF,B2,FF,FF,178,255,255,
375,이사 벨린,#F4F0EC,F4,F0,EC,244,240,236,
376,재즈베리 잼,#A50B5E,A5,0B,5E,165,11,94,
377,준 버드 (연두 계열),#BDDA57,BD,DA,57,189,218,87,
378,존퀼 (노랑 계열),#F4CA16,F4,CA,16,244,202,22,
379,키 라임,#E8F48C,E8,F4,8C,232,244,140,
380,라이트 카키,#F0E68C,F0,E6,8C,240,230,140,
381,고베,#882D17,88,2D,17,136,45,23,
382,카키,#C3B091,C3,B0,91,195,176,145,
383,코비 (분홍 계열),#E79FC4,E7,9F,C4,231,159,196,
384,청금석,#26619C,26,61,9C,38,97,156,
385,로렐 그린,#A9BA9D,A9,BA,9D,169,186,157,
386,라벤더 블러쉬,#FFF0F5,FF,F0,F5,255,240,245,
387,나른한 라벤더,#D6CADD,D6,CA,DD,214,202,221,
388,레몬 카레,#CCA01D,CC,A0,1D,204,160,29,
389,다시마 그린,#354230,35,42,30,53,66,48,
390,용암,#CF1020,CF,10,20,207,16,32,
391,라벤더 (연보라),#E6E6FA,E6,E6,FA,230,230,250,
392,레이저 레몬,#FFFF66,FF,FF,66,255,255,102,
393,라벤더,#B57EDC,B5,7E,DC,181,126,220,
394,레몸ㄴ,#FFF700,FF,F7,0,255,247,0,
395,라벤더 블루,#CCCCFF,CC,CC,FF,204,204,255,
396,라벤더 그레이,#C4C3D0,C4,C3,D0,196,195,208,
397,잔디 녹색,#7CFC00,7C,FC,0,124,252,0,
398,레몬 쉬폰,#FFFACD,FF,FA,CD,255,250,205,
399,담황색,#FFF44F,FF,F4,4F,255,244,79,
400,레몬 빙하,#FDFF00,FD,FF,0,253,255,0,
401,레몬 머랭,#F6EABE,F6,EA,BE,246,234,190,
402,밝은 회색,#D3D3D3,D3,D3,D3,211,211,211,
403,라이트 연어,#FFA07A,FF,A0,7A,255,160,122,
404,레몬 노랑,#FFFF9F,FF,FF,9F,255,255,159,
405,자유 (어두운 파랑 계열),#545AA7,54,5A,A7,84,90,167,
406,밝은 산호,#F08080,F0,80,80,240,128,128,
407,하늘,#ADD8E6,AD,D8,E6,173,216,230,
408,연노랑,#FFFFE0,FF,FF,E0,255,255,224,
409,라이트 프렌치 베이지,#C8AD7F,C8,AD,7F,200,173,127,
410,밝은 노랑 조,#FAFAD2,FA,FA,D2,250,250,210,
411,연한 청록,#E0FFFF,E0,FF,FF,224,255,255,
412,연한 초록,#90EE90,90,EE,90,144,238,144,
413,밝은 바다 녹색,#20B2AA,20,B2,AA,32,178,170,
414,연한 주황색,#FED8B1,FE,D8,B1,254,216,177,
415,라이트 핑크,#FFB6C1,FF,B6,C1,255,182,193,
416,라이트 페리윙클,#C5CBE1,C5,CB,E1,197,203,225,
417,라이트 스틸 블루,#B0C4DE,B0,C4,DE,176,196,222,
418,라이트 스카이 블루,#87CEFA,87,CE,FA,135,206,250,
419,라이트 슬레이트 그레이,#778899,77,88,99,119,136,153,
420,라일락,#C8A2C8,C8,A2,C8,200,162,200,
421,라일락 광택,#AE98AA,AE,98,AA,174,152,170,
422,리틀 보이 블루,#6CA0DC,6C,A0,DC,108,160,220,
423,리넨,#FAF0E6,FA,F0,E6,250,240,230,
424,링컨 그린,#195905,19,59,5,25,89,5,
425,리세란 보라,#DE6FA1,DE,6F,A1,222,111,161,
426,사자,#C19A6B,C1,9A,6B,193,154,107,
427,라임 그린,#32CD32,32,CD,32,50,205,50,
428,마카로니 치즈,#FFBD88,FF,BD,88,255,189,136,
429,매더 레이크 (빨강 계열),#CC3336,CC,33,36,204,51,54,
430,팬톤 마젠타,#D0417E,D0,41,7E,208,65,126,
431,마젠타 (크레용),#F653A6,F6,53,A6,246,83,166,
432,마호가니,#C04000,C0,40,0,192,64,0,
433,마젠타 헤이즈,#9F4576,9F,45,76,159,69,118,
434,매직 민트,#AAF0D1,AA,F0,D1,170,240,209,
435,목력,#F8F4FF,F8,F4,FF,248,244,255,
436,공작석,#0BDA51,0B,DA,51,11,218,81,
437,옥수수,#F2C649,F2,C6,49,242,198,73,
438,마조렐 블루,#6050DC,60,50,DC,96,80,220,
439,마네티,#979AAA,97,9A,AA,151,154,170,
440,마룬,#B03060,B0,30,60,176,48,96,
441,마디 그라 (자주 계열),#880085,88,0,85,136,0,133,
442,사마귀,#74C365,74,C3,65,116,195,101,
443,망고,#FDBE02,FD,BE,2,253,190,2,
444,만다린 오렌지,#F37A48,F3,7A,48,243,122,72,
445,망고 탱고,#FF8243,FF,82,43,255,130,67,
446,마룬 (크레용),#C32148,C3,21,48,195,33,72,
447,모브 (연보라 계열),#E0B0FF,E0,B0,FF,224,176,255,
448,금잔화,#EAA221,EA,A2,21,234,162,33,
449,자주빛 회갈색,#915F6D,91,5F,6D,145,95,109,
450,모벨 러스,#EF98AA,EF,98,AA,239,152,170,
451,마야 블루,#73C2FB,73,C2,FB,115,194,251,
452,5월의 초록,#4C9141,4C,91,41,76,145,65,
453,부드러운 살구,#F8B878,F8,B8,78,248,184,120,
454,그윽한 노란색,#F8DE7E,F8,DE,7E,248,222,126,
455,멜론 (분홍 계열),#FEBAAD,FE,BA,AD,254,186,173,
456,미들 블루,#7ED4E6,7E,D4,E6,126,212,230,
457,미들 블루 그린,#8DD9CC,8D,D9,CC,141,217,204,
458,맥시컨 핑크,#E4007C,E4,0,7C,228,0,124,
459,미들 블루 퍼플,#8B72BE,8B,72,BE,139,114,190,
460,미들 그린,#4D8C57,4D,8C,57,77,140,87,
461,미들그레이,#8B8680,8B,86,80,139,134,128,
462,미들 퍼플,#D982B5,D9,82,B5,217,130,181,
463,미들 그린 옐로우,#ACBF60,AC,BF,60,172,191,96,
464,미들 옐로우,#FFEB00,FF,EB,0,255,235,0,
465,미들 레드 퍼플,#A55353,A5,53,53,165,83,83,
466,미들 레드,#E58E73,E5,8E,73,229,142,115,
467,미드나잇 블루,#191970,19,19,70,25,25,112,
468,미미 핑크,#FFDAE9,FF,DA,E9,255,218,233,
469,만다로 (연두 계열),#E3F988,E3,F9,88,227,249,136,
470,미드나잇 그린,#004953,0,49,53,0,73,83,
471,민트 크림,#F5FFFA,F5,FF,FA,245,255,250,
472,민크 그린,#98FF98,98,FF,98,152,255,152,
473,민크,#3EB489,3E,B4,89,62,180,137,
474,미니언 옐로우,#F5E050,F5,E0,50,245,224,80,
475,모닝 블루,#8DA399,8D,A3,99,141,163,153,
476,모드 베이지,#967117,96,71,17,150,113,23,
477,안개가 자욱한 이끼,#BBB477,BB,B4,77,187,180,119,
478,모스 그린,#8A9A5B,8A,9A,5B,138,154,91,
479,미스티 로즈,#FFE4E1,FF,E4,E1,255,228,225,
480,산 초원,#30BA8F,30,BA,8F,48,186,143,
481,마운트 배튼 핑크,#997A8D,99,7A,8D,153,122,141,
482,멀 베리 (크레용),#C8509B,C8,50,9B,200,80,155,
483,밈스틱,#D65282,D6,52,82,214,82,130,
484,머스타드,#FFDB58,FF,DB,58,255,219,88,
485,나데시코 핑크,#F6ADC6,F6,AD,C6,246,173,198,
486,머틀 그린,#317873,31,78,73,49,120,115,
487,네이비 블루,#000080,0,0,80,0,0,128,
488,네이비 블루 (크레용),#1974D2,19,74,D2,25,116,210,
489,나폴리 노랑,#FADA5E,FA,DA,5E,250,218,94,
490,네온 블루,#4666FF,46,66,FF,70,102,255,
491,네온 그린,#39FF14,39,FF,14,57,255,20,
492,논-포토 블루,#A4DDED,A4,DD,ED,164,221,237,
493,뉴욕 핑크,#D7837F,D7,83,7F,215,131,127,
494,케냐 호수,#E9FFDB,E9,FF,DB,233,255,219,
495,니켈,#727472,72,74,72,114,116,114,
496,오션 블루,#4F42B5,4F,42,B5,79,66,181,
497,황토,#CC7722,CC,77,22,204,119,34,
498,오션 그린,#48BF91,48,BF,91,72,191,145,
499,올드 골드,#CFB53B,CF,B5,3B,207,181,59,
500,올드 버건디,#43302E,43,30,2E,67,48,46,
501,올드 레이스,#FDF5E6,FD,F5,E6,253,245,230,
502,올드 실버,#848482,84,84,82,132,132,130,
503,올드 로즈,#C08081,C0,80,81,192,128,129,
504,올드 라벤더,#796878,79,68,78,121,104,120,
505,올리브,#808000,80,80,0,128,128,0,
506,오래된 자주,#673147,67,31,47,103,49,71,
507,올리브 드랍,#6B8E23,6B,8E,23,107,142,35,
508,올리브 빛 초록,#B5B35C,B5,B3,5C,181,179,92,
509,오닉스,#353839,35,38,39,53,56,57,
510,오팔,#A8C3BC,A8,C3,BC,168,195,188,
511,오페라 자주빛,#B784A7,B7,84,A7,183,132,167,
512,주황,#FF7F00,FF,7F,0,255,127,0,
513,오렌지 레드,#FF681F,FF,68,1F,255,104,31,
514,오렌지 껍질,#FF9F00,FF,9F,0,255,159,0,
515,오렌지 레드,#FF5349,FF,53,49,255,83,73,
516,팬톤 오렌지,#FF5800,FF,58,0,255,88,0,
517,주황 노랑,#F5BD1F,F5,BD,1F,245,189,31,
518,오키드 핑크,#F2BDCD,F2,BD,CD,242,189,205,
519,주황 노랑 (크레용),#F8D568,F8,D5,68,248,213,104,
520,오렌지 소다,#FA5B3D,FA,5B,3D,250,91,61,
521,옥스포드 블루,#002147,0,21,47,0,33,71,
522,우주,#2D383A,2D,38,3A,45,56,58,
523,페일 아쿠아,#BCD4E6,BC,D4,E6,188,212,230,
524,퍼시픽 블루,#1CA9C9,1C,A9,C9,28,169,201,
525,파키스탄 녹색,#006600,0,66,0,0,102,0,
526,크림슨 레드,#841617,84,16,17,132,22,23,
527,팔츠 퍼플,#682860,68,28,60,104,40,96,
528,페일 버드,#ECEBBD,EC,EB,BD,236,235,189,
529,옅은 분홍색,#FADADD,FA,DA,DD,250,218,221,
530,페일 실버,#C9C0BB,C9,C0,BB,201,192,187,
531,팬톤 페일 퍼플,#FAE6FA,FA,E6,FA,250,230,250,
532,파올로 베로네즈 그린,#009B7D,0,9B,7D,0,155,125,
533,팬지 퍼플,#78184A,78,18,4A,120,24,74,
534,파라다이스 핑킄,#E63E62,E6,3E,62,230,62,98,
535,파리 그린,#50C878,50,C8,78,80,200,120,
536,파스텔 핑크,#DEA5A4,DE,A5,A4,222,165,164,
537,복숭아,#FFE5B4,FF,E5,B4,255,229,180,
538,페인의 회색,#536878,53,68,78,83,104,120,
539,복숭아 (크레용),#FFCBA4,FF,CB,A4,255,203,164,
540,복숭아 퍼프,#FFDAB9,FF,DA,B9,255,218,185,
541,펄리 퍼플,#B768A2,B7,68,A2,183,104,162,
542,페리윙클,#CCCCFF,CC,CC,FF,204,204,255,
543,페리윙클 (크레용),#C3CDE6,C3,CD,E6,195,205,230,
544,페르시아 그린,#00A693,0,A6,93,0,166,147,
545,페르시아 오렌지,#D99058,D9,90,58,217,144,88,
546,페르시아 인디고,#32127A,32,12,7A,50,18,122,
547,페르시아 블루,#1C39BB,1C,39,BB,28,57,187,
548,파인 그린,#01796F,1,79,6F,1,121,111,
549,페르시아 매실,#701C1C,70,1C,1C,112,28,28,
550,페르시아 로즈,#FE28A2,FE,28,A2,254,40,162,
551,페르시아 레드,#CC3333,CC,33,33,204,51,51,
552,페르시아 핑크,#F77FBE,F7,7F,BE,247,127,190,
553,감,#EC5800,EC,58,0,236,88,0,
554,프탈로 그린,#123524,12,35,24,18,53,36,
555,피코티 블루,#2E2787,2E,27,87,46,39,135,
556,분홍,#FFC0CB,FF,C0,CB,255,192,203,
557,프탈로 블루,#000F89,0,0F,89,0,15,137,
558,픽토리얼 카민 (빨강 계열),#C30B4E,C3,0B,4E,195,11,78,
559,피기 피읔,#FDDDE6,FD,DD,E6,253,221,230,
560,소나무,#2A2F23,2A,2F,23,42,47,35,
561,팬톤 핑크,#D74894,D7,48,94,215,72,148,
562,피스타치오,#93C572,93,C5,72,147,197,114,
563,프러시안 블루,#003153,0,31,53,0,49,83,
564,핑크 샤베트,#F78FA7,F7,8F,A7,247,143,167,
565,핑크 플라밍고,#FC74FD,FC,74,FD,252,116,253,
566,파우더 블루,#B0E0E6,B0,E0,E6,176,224,230,
567,핑크 라벤더,#D8B2D1,D8,B2,D1,216,178,209,
568,핑크 레이스,#FFDDF4,FF,DD,F4,255,221,244,
569,백금,#E5E4E2,E5,E4,E2,229,228,226,
570,자두,#8E4585,8E,45,85,142,69,133,
571,세련된 소나무,#5DA493,5D,A4,93,93,164,147,
572,통통한 보라,#5946B2,59,46,B2,89,70,178,
573,포틀랜드 오렌지,#FF5A36,FF,5A,36,255,90,54,
574,사이키델릭 보라,#DF00FF,DF,0,FF,223,0,255,
575,프린스턴 오렌지,#F58025,F5,80,25,245,128,37,
576,팝스타 (빨강 계열),#BE4F62,BE,4F,62,190,79,98,
577,푸스,#CC8899,CC,88,99,204,136,153,
578,호박,#FF7518,FF,75,18,255,117,24,
579,퍼플 네이비,#4E5180,4E,51,80,78,81,128,
580,보라,#6A0DAD,6A,0D,AD,106,13,173,
581,보라색 자두,#9C51B6,9C,51,B6,156,81,182,
582,퀸 핑크,#E8CCD7,E8,CC,D7,232,204,215,
583,라즈베리 글레이스,#915F6D,91,5F,6D,145,95,109,
584,검정색 건포도,#242124,24,21,24,36,33,36,
585,퀵 실버,#A6A6A6,A6,A6,A6,166,166,166,
586,퀴나크리돈 마젠타,#8E3A59,8E,3A,59,142,58,89,
587,퀸 블루,#436B95,43,6B,95,67,107,149,
588,래디컬 레드,#FF355E,FF,35,5E,255,53,94,
589,산딸기,#E30B5D,E3,0B,5D,227,11,93,
590,라즈베리 로즈,#B3446C,B3,44,6C,179,68,108,
591,레베카 퍼플,#663399,66,33,99,102,51,153,
592,레드 (크레용),#EE204D,EE,20,4D,238,32,77,
593,빨강,#FF0000,FF,0,0,255,0,0,
594,라즈믹 베리,#8D4E85,8D,4E,85,141,78,133,
595,팬톤 레드,#ED2939,ED,29,39,237,41,57,
596,레드 바이올렛,#C71585,C7,15,85,199,21,133,
597,레드 살사,#FD3A4A,FD,3A,4A,253,58,74,
598,레드 퍼플,#E40078,E4,0,78,228,0,120,
599,레드 오렌지 (크레용),#FF681F,FF,68,1F,255,104,31,
600,로즈 핑크,#FF66CC,FF,66,CC,255,102,204,
601,장미,#FF007F,FF,0,7F,255,0,127,
602,로마 실버,#838996,83,89,96,131,137,150,
603,로빈 에그 블루,#00CCCC,0,CC,CC,0,204,204,
604,로즈 더스트,#9E5E6F,9E,5E,6F,158,94,111,
605,라이플 그린,#444C38,44,4C,38,68,76,56,
606,로켓 메탈릭,#8A7F80,8A,7F,80,138,127,128,
607,로즈 쿼츠,#AA98A9,AA,98,A9,170,152,169,
608,로즈 매더,#E32636,E3,26,36,227,38,54,
609,로즈 레드,#C21E56,C2,1E,56,194,30,86,
610,회갈색 장미,#905D5D,90,5D,5D,144,93,93,
611,적갈색,#80461B,80,46,1B,128,70,27,
612,루빈 레드,#D10056,D1,0,56,209,0,86,
613,로얄 옐로우,#FADA5E,FA,DA,5E,250,218,94,
614,러시안 그린,#679267,67,92,67,103,146,103,
615,로열 다크블루,#002366,0,23,66,0,35,102,
616,레이싱 레드,#D40000,D4,0,0,212,0,0,
617,로즈 베일,#AB4E52,AB,4E,52,171,78,82,
618,로열 라이트블루,#4169E1,41,69,E1,65,105,225,
619,로지 브라운,#BC8F8F,BC,8F,8F,188,143,143,
620,로열 퍼플,#7851A9,78,51,A9,120,81,169,
621,루비,#E0115F,E0,11,5F,224,17,95,
622,루비 레드,#9B111E,9B,11,1E,155,17,30,
623,러스티 레드,#DA2C43,DA,2C,43,218,44,67,
624,새크라멘토주 녹색,#043927,4,39,27,4,57,39,
625,러시안 바이올렛,#32174D,32,17,4D,50,23,77,
626,녹,#B7410E,B7,41,0E,183,65,14,
627,새들 브라운,#8B4513,8B,45,13,139,69,19,
628,샤프란,#F4C430,F4,C4,30,244,196,48,
629,세이지,#BCB88A,BC,B8,8A,188,184,138,
630,세이프티 옐로우,#EED202,EE,D2,2,238,210,2,
631,세이프티 오렌지,#FF7800,FF,78,0,255,120,0,
632,모래 언덕,#967117,96,71,17,150,113,23,
633,사파이어,#0067A5,0,67,A5,0,103,165,
634,연어 핑킄,#FF91A4,FF,91,A4,255,145,164,
635,연어,#FA8072,FA,80,72,250,128,114,
636,사파이어,#0F52BA,0F,52,BA,15,82,186,
637,세인트 패트릭 블루,#23297A,23,29,7A,35,41,122,
638,모래,#C2B280,C2,B2,80,194,178,128,
639,수액 녹색,#507D2A,50,7D,2A,80,125,42,
640,사파이어 블루,#0067A5,0,67,A5,0,103,165,
641,주홍,#FF2400,FF,24,0,255,36,0,
642,쇼스 핑크,#FF91AF,FF,91,AF,255,145,175,
643,샌디 브라운,#F4A460,F4,A4,60,244,164,96,
644,새틴 광택 골드,#CBA135,CB,A1,35,203,161,53,
645,스쿨버스 노랑,#FFD800,FF,D8,0,255,216,0,
646,쇼킹 핑크,#FC0FC0,FC,0F,C0,252,15,192,
647,바다 녹색,#2E8B57,2E,8B,57,46,139,87,
648,섀도우 블루,#778BA5,77,8B,A5,119,139,165,
649,조개,#FFF5EE,FF,F5,EE,255,245,238,
650,씰 브라운,#59260B,59,26,0B,89,38,11,
651,토끼풀 녹색,#009E60,0,9E,60,0,158,96,
652,그림자,#8A795D,8A,79,5D,138,121,93,
653,세피아 (갈색 계열),#704214,70,42,14,112,66,20,
654,빛나는 토끼풀,#5FA778,5F,A7,78,95,167,120,
655,쉬머링 블러쉬,#D98695,D9,86,95,217,134,149,
656,쉰 그린,#8FD400,8F,D4,0,143,212,0,
657,은,#C0C0C0,C0,C0,C0,192,192,192,
658,시에나,#882D17,88,2D,17,136,45,23,
659,시노 피아,#CB410B,CB,41,0B,203,65,11,
660,은색 성배,#ACACAC,AC,AC,AC,172,172,172,
661,은빛 모래,#BFC1C2,BF,C1,C2,191,193,194,
662,실버 피읔,#C4AEAD,C4,AE,AD,196,174,173,
663,스카잉 마젠타,#CF71AF,CF,71,AF,207,113,175,
664,일출,#FFDB00,FF,DB,0,255,219,0,
665,스모키 블랙,#100C08,10,0C,8,16,12,8,
666,슬레이트 그레이,#708090,70,80,90,112,128,144,
667,소닉 실버,#757575,75,75,75,117,117,117,
668,눈,#FFFAFA,FF,FA,FA,255,250,250,
669,스페인 오렌지,#E86100,E8,61,0,232,97,0,
670,스페인 블루,#0070B8,0,70,B8,0,112,184,
671,스페인 그레이,#989898,98,98,98,152,152,152,
672,스페인 그린,#009150,0,91,50,0,145,80,
673,스페인 핑크,#F7BFBE,F7,BF,BE,247,191,190,
674,스페인 하늘,#00FFFF,0,FF,FF,0,255,255,
675,봄 녹색,#ECEBBD,EC,EB,BD,236,235,189,
676,스틸 핑크,#CC33CC,CC,33,CC,204,51,204,
677,스페인 레드,#E60026,E6,0,26,230,0,38,
678,봄 새싹,#A7FC00,A7,FC,0,167,252,0,
679,봄 서리,#87FF2A,87,FF,2A,135,255,42,
680,스페인 바이올렛,#4C2882,4C,28,82,76,40,130,
681,스틸 블루,#4682B4,46,82,B4,70,130,180,
682,스타 커맨드 블루,#007BB8,0,7B,B8,0,123,184,
683,햇무리,#FFCC33,FF,CC,33,255,204,51,
684,설탕 자두,#914E75,91,4E,75,145,78,117,
685,슈퍼 핑크,#CF6BA9,CF,6B,A9,207,107,169,
686,일몰,#FAD6A5,FA,D6,A5,250,214,165,
687,탱고 핑크,#E4717A,E4,71,7A,228,113,122,
688,귤,#F28500,F2,85,0,242,133,0,
689,짙은 회갈색,#483C32,48,3C,32,72,60,50,
690,타트 오렌지,#FB4D46,FB,4D,46,251,77,70,
691,티 로즈,#F88379,F8,83,79,248,131,121,
692,스위트 브라운,#A83731,A8,37,31,168,55,49,
693,회갈색 회색,#8B8589,8B,85,89,139,133,137,
694,차 그린,#D0F0C0,D0,F0,C0,208,240,192,
695,티 로즈,#F4C2C2,F4,C2,C2,244,194,194,
696,티파니 블루,#0ABAB5,0A,BA,B5,10,186,181,
697,토마토,#FF6347,FF,63,47,255,99,71,
698,토스카나,#FAD6A5,FA,D6,A5,250,214,165,
699,간지럼 핑크,#FC89AC,FC,89,AC,252,137,172,
700,툴리안 핑크,#DE6FA1,DE,6F,A1,222,111,161,
701,팀버 울프,#DBD7D2,DB,D7,D2,219,215,210,
702,열대 우림,#00755E,0,75,5E,0,117,94,
703,티타늄 옐로우,#EEE600,EE,E6,0,238,230,0,
704,진실의 파랑,#2D68C4,2D,68,C4,45,104,196,
705,터키 옥,#40E0D0,40,E0,D0,64,224,208,
706,거북이 초록,#8A9A5B,8A,9A,5B,138,154,91,
707,청록색 녹색,#A0D6B4,A0,D6,B4,160,214,180,
708,투스카니,#C09999,C0,99,99,192,153,153,
709,울트라 핑크,#FF6FFF,FF,6F,FF,255,111,255,
710,녹지않는 노랑,#FFFF66,FF,FF,66,255,255,102,
711,황혼의 라벤더,#8A496B,8A,49,6B,138,73,107,
712,티리안 퍼플,#66023C,66,2,3C,102,2,60,
713,군청색,#3F00FF,3F,0,FF,63,0,255,
714,유엔 블루,#5B92E5,5B,92,E5,91,146,229,
715,포레스트 그린,#014421,1,44,21,1,68,33,
716,바닐라,#F3E5AB,F3,E5,AB,243,229,171,
717,베네치안 레드,#C80815,C8,8,15,200,8,21,
718,바이올렛 (크레용),#963D7F,96,3D,7F,150,61,127,
719,바닐라 아이스크림,#F38FA9,F3,8F,A9,243,143,169,
720,베로니카,#A020F0,A0,20,F0,160,32,240,
721,베가스 골드,#C5B358,C5,B3,58,197,179,88,
722,비비드 버건디,#9F1D35,9F,1D,35,159,29,53,
723,비라디안 그린,#009698,0,96,98,0,150,152,
724,바이올렛 블루 (크레용),#766EC8,76,6E,C8,118,110,200,
725,바이올렛 레드,#F75394,F7,53,94,247,83,148,
726,비비드 스카이 블루,#00CCFF,0,CC,FF,0,204,255,
727,바이올렛 블루,#324AB2,32,4A,B2,50,74,178,
728,크산틱,#EEED09,EE,ED,9,238,237,9,
729,와인 찌꺼기,#673147,67,31,47,103,49,71,
730,와일드 오키드,#D470A2,D4,70,A2,212,112,162,
731,밀,#F5DEB3,F5,DE,B3,245,222,179,
732,웜 블랙,#004242,0,42,42,0,66,66,
733,비비드 바이올렛,#9F00FF,9F,0,FF,159,0,255,
734,흰색,#FFFFFF,FF,FF,FF,255,255,255,
735,야생 딸기,#FF43A4,FF,43,A4,255,67,164,
736,야생 수박,#FC6C85,FC,6C,85,252,108,133,
737,포도주,#722F37,72,2F,37,114,47,55,
738,윈터그린 드림,#56887D,56,88,7D,86,136,125,
739,우드 브라운,#C19A6B,C1,9A,6B,193,154,107,
740,예일 블루,#0F4D92,0F,4D,92,15,77,146,
741,연두,#9ACD32,9A,CD,32,154,205,50,
742,노랑,#FFFF00,FF,FF,0,255,255,0,
743,옐로우 션샤인,#FFF700,FF,F7,0,255,247,0,
744,황록,#C5E384,C5,E3,84,197,227,132,
745,팬톤 옐로우,#FEDF00,FE,DF,0,254,223,0,
746,옐로우 오렌지,#FFAE42,FF,AE,42,255,174,66,